,Domain Profiler Summary for hackthissite.org,,,,,
,Generated on: 2026-03-06 09:12:58,,,,,
,,,,,,
,Top 5 Banners,,,,,
,Name,Count,,,,
,GitHub.com,4,,,,
,HackThisSite,3,,,,
,HackThisSite IRC,3,,,,
,HackThisSite Load Balancer v2,3,,,,
,nginx/1.18.0 (Ubuntu),2,,,,
,,,,,,
,Top 5 ASN,,,,,
,ASN,ASN Name,Network Range,Count,,
,16276,"OVH, FR",137.74.0.0/16,12,,
,15169,GOOGLE - Google LLC,173.194.76.0/24,7,,
,54113,"FASTLY - Fastly, Inc.",185.199.111.0/24,2,,
,63949,"AKAMAI-LINODE-AP Akamai Connected Cloud, SG",172.239.32.0/19,2,,
,196752,"TILAA, NL",185.24.220.0/22,2,,
,,,,,,
,Top 5 Countries,,,,,
,Name,Count,,,,
,United States,13,,,,
,France,12,,,,
,Netherlands,3,,,,
,Singapore,1,,,,
,United Kingdom,1,,,,
,,,,,,
,,,,,,
,,,,,,
,,,,,,
